adm3_pcode,adm3_name,district,population_in_grid,pct_within_target_childbirth_complication_dry,pct_within_target_childbirth_complication_flood0708,pct_within_target_snakebite_dry,pct_within_target_snakebite_flood0708,pct_within_target_snakebite_hospital_only_dry,pct_within_target_snakebite_hospital_only_flood0708,pct_within_target_injury_drowning_dry,pct_within_target_injury_drowning_flood0708,pct_within_target_minor_illness_dry,pct_within_target_minor_illness_flood0708
BD30480002,Austagram,Kishoreganj,155862,70.9,67.3,70.9,67.3,7.0,2.6,70.9,67.3,49.3,45.9
BD30480033,Itna,Kishoreganj,166906,76.2,75.5,76.2,75.5,28.1,24.6,76.2,75.5,36.7,36.6
BD30480059,Mithamain,Kishoreganj,128769,78.6,76.1,78.6,76.1,0.7,0.0,78.6,76.1,61.0,60.2
BD45720038,Khaliajuri,Netrakona,115959,85.3,85.3,85.3,85.3,32.8,31.3,85.3,85.3,80.7,79.9
BD30330036,Kapasia,Gazipur,206491,93.2,93.2,93.2,93.2,93.2,93.2,93.2,93.2,93.2,93.2
BD60910027,Companiganj,Sylhet,225303,93.4,93.4,93.4,93.4,93.3,93.3,93.4,93.4,93.1,92.3
BD45610022,Gafargaon,Mymensingh,59069,94.0,94.0,94.0,94.0,94.0,94.0,94.0,94.0,93.6,93.6
BD60900050,Jamalganj,Sunamganj,183411,94.0,94.0,94.0,94.0,91.8,88.9,94.0,94.0,91.1,90.5
BD30480076,Nikli,Kishoreganj,143572,94.0,93.9,94.0,93.9,92.9,92.9,94.0,93.9,88.4,88.4
BD60900092,Tahirpur,Sunamganj,212497,94.8,94.8,94.8,94.8,88.3,88.3,94.8,94.8,94.7,94.7
BD60900029,Derai,Sunamganj,280187,94.8,94.8,94.8,94.8,89.5,82.5,94.8,94.8,90.8,89.6
BD60900063,Madhyanagar,Sunamganj,69664,95.0,95.0,95.0,95.0,93.4,91.1,95.0,95.0,84.6,83.0
BD60900086,Shalla,Sunamganj,123499,95.1,95.1,95.1,95.1,57.2,36.4,95.1,95.1,95.1,95.0
BD60360011,Baniachong,Habiganj,383817,95.6,92.9,95.6,92.9,89.9,85.0,95.6,92.9,80.8,79.0
BD60360002,Ajmiriganj,Habiganj,146904,96.3,96.0,96.3,96.0,85.5,67.6,96.3,96.0,86.2,83.5
BD20120033,Ashuganj,Brahmanbaria,2482,96.5,96.5,96.5,96.5,96.5,90.4,96.5,96.5,96.5,96.5
BD60360026,Chunarughat,Habiganj,355578,96.9,96.9,96.9,96.9,96.9,96.9,96.9,96.9,93.0,89.5
BD60900023,Chhatak,Sunamganj,472631,97.0,97.0,97.0,97.0,97.0,97.0,97.0,97.0,97.0,97.0
BD60900087,Shantiganj,Sunamganj,219876,97.1,97.1,97.1,97.1,97.1,97.1,97.1,97.1,97.1,97.1
BD60910041,Gowainghat,Sylhet,147482,97.2,97.2,97.2,97.2,96.9,96.9,97.2,97.2,96.5,94.4
BD30480006,Bajitpur,Kishoreganj,287712,97.2,97.2,97.2,97.2,95.5,95.5,97.2,97.2,95.3,95.3
BD60900032,Dharmapasha,Sunamganj,172153,97.4,97.4,97.4,97.4,97.4,97.3,97.4,97.4,97.3,97.3
BD45720063,Mohanganj,Netrakona,219398,97.5,97.5,97.5,97.5,97.5,97.5,97.5,97.5,97.5,97.1
BD20120094,Sarail,Brahmanbaria,301217,97.6,97.6,97.6,97.6,90.1,80.9,97.6,97.6,92.4,92.4
BD45720018,Durgapur,Netrakona,241712,97.6,97.6,97.6,97.6,97.6,97.6,97.6,97.6,97.6,97.6
BD60900018,Bishwambharpur,Sunamganj,185843,97.6,97.6,97.6,97.6,97.6,97.6,97.6,97.6,97.6,97.6
BD60900089,Sunamganj Sadar,Sunamganj,398692,97.6,97.6,97.6,97.6,97.6,97.6,97.6,97.6,92.6,92.5
BD60910008,Balaganj,Sylhet,110853,97.6,97.6,97.6,97.6,97.6,97.6,97.6,97.6,97.6,97.6
BD60580083,Sreemangal,Moulvibazar,414771,97.8,96.7,97.8,96.7,91.2,87.6,97.8,96.7,86.6,82.9
BD60580056,Kamalganj,Moulvibazar,246013,97.9,97.6,97.9,97.6,94.8,91.7,97.9,97.6,87.7,83.0
BD45720056,Madan,Netrakona,177104,97.9,97.9,97.9,97.9,97.9,97.7,97.9,97.9,97.9,97.8
BD45720083,Purbadhala,Netrakona,147624,97.9,97.9,97.9,97.9,97.9,97.9,97.9,97.9,97.7,97.7
BD60910038,Golapganj,Sylhet,105913,98.0,98.0,98.0,98.0,98.0,98.0,98.0,98.0,98.0,98.0
BD45720040,Kalmakanda,Netrakona,288881,98.4,98.4,98.4,98.4,98.4,98.4,98.4,98.4,95.0,95.0
BD60910035,Fenchuganj,Sylhet,175093,98.5,98.5,98.5,98.5,98.5,98.5,98.5,98.5,98.5,98.5
BD60910062,Sylhet Sadar,Sylhet,672914,98.6,98.6,98.6,98.6,98.6,98.6,98.6,98.6,98.6,98.6
BD20120090,Nasirnagar,Brahmanbaria,374683,98.6,98.4,98.6,98.4,91.8,83.2,98.6,98.4,90.5,84.4
BD60580080,Rajnagar,Moulvibazar,288115,98.6,98.6,98.6,98.6,98.6,98.6,98.6,98.6,95.8,94.8
BD45720004,Atpara,Netrakona,156277,98.7,98.7,98.7,98.7,98.7,98.7,98.7,98.7,98.7,98.7
BD60900047,Jagannathpur,Sunamganj,286502,98.7,98.7,98.7,98.7,98.6,98.1,98.7,98.7,96.4,95.8
BD60910060,Osmaninagar,Sylhet,281208,98.8,98.8,98.8,98.8,98.8,98.8,98.8,98.8,98.7,98.3
BD60915000,Sylhet City Corporation,Sylhet,427760,98.8,98.8,98.8,98.8,98.8,98.8,98.8,98.8,98.8,98.8
BD60360068,Lakhai,Habiganj,172985,98.9,98.9,98.9,98.9,98.6,96.7,98.9,98.9,89.1,82.9
BD60900033,Dowarabazar,Sunamganj,216577,98.9,98.9,98.9,98.9,98.9,98.9,98.9,98.9,98.9,98.9
BD30480079,Pakundia,Kishoreganj,284983,99.0,99.0,99.0,99.0,99.0,99.0,99.0,99.0,98.9,98.9
BD30480027,Hossainpur,Kishoreganj,180392,99.1,99.1,99.1,99.1,99.1,99.1,99.1,99.1,98.5,98.5
BD60580065,Kulaura,Moulvibazar,224218,99.1,99.1,99.1,99.1,98.4,89.9,99.1,99.1,75.9,72.5
BD60910020,Bishwanath,Sylhet,266993,99.2,99.2,99.2,99.2,99.2,99.2,99.2,99.2,99.2,99.2
BD60580074,Moulvibazar Sadar,Moulvibazar,437168,99.2,99.2,99.2,99.2,99.2,99.2,99.2,99.2,99.2,95.4
BD60360077,Nabiganj,Habiganj,393152,99.3,99.3,99.3,99.3,98.4,95.7,99.3,99.3,96.1,94.8
BD30480011,Bhairab,Kishoreganj,257679,99.3,99.3,99.3,99.3,99.3,99.3,99.3,99.3,97.6,97.6
BD45720074,Netrakona Sadar,Netrakona,433162,99.4,99.4,99.4,99.4,99.4,99.4,99.4,99.4,99.4,99.4
BD30480042,Karimganj,Kishoreganj,324564,99.5,99.5,99.5,99.5,99.2,99.2,99.5,99.5,91.9,91.9
BD60910031,Dakkhin Surma,Sylhet,330182,99.6,99.6,99.6,99.6,99.6,99.6,99.6,99.6,99.6,99.6
BD30480092,Tarail,Kishoreganj,165979,99.6,99.6,99.6,99.6,99.1,99.1,99.6,99.6,97.3,97.3
BD20120007,Bijoynagar,Brahmanbaria,45195,99.6,99.6,99.6,99.6,99.6,99.6,99.6,99.6,99.6,99.6
BD45720009,Barhatta,Netrakona,196120,99.6,99.6,99.6,99.6,99.6,99.6,99.6,99.6,98.6,98.6
BD30680007,Belabo,Narsingdi,210292,99.6,99.6,99.6,99.6,99.6,99.6,99.6,99.6,99.6,99.6
BD30680076,Shibpur,Narsingdi,35810,99.7,99.7,99.7,99.7,99.7,99.7,99.7,99.7,99.7,99.7
BD60360044,Habiganj Sadar,Habiganj,227517,99.8,99.8,99.8,99.8,99.8,99.8,99.8,99.8,99.7,99.4
BD30480054,Kuliarchar,Kishoreganj,222890,99.9,99.9,99.9,99.9,99.9,99.9,99.9,99.9,99.9,99.9
BD30480045,Katiadi,Kishoreganj,337105,99.9,99.9,99.9,99.9,99.9,99.9,99.9,99.9,99.5,99.5
BD30680052,Manohardi,Narsingdi,317609,99.9,99.9,99.9,99.9,99.9,99.9,99.9,99.9,99.9,99.9
BD45610072,Nandail,Mymensingh,355177,100.0,100.0,100.0,100.0,99.7,99.7,100.0,100.0,92.0,92.0
BD60910053,Jaintapur,Sylhet,1936,100.0,100.0,100.0,100.0,100.0,100.0,100.0,100.0,100.0,100.0
BD60360087,Shayestaganj,Habiganj,157498,100.0,100.0,100.0,100.0,100.0,100.0,100.0,100.0,100.0,100.0
BD45610031,Ishwarganj,Mymensingh,149556,100.0,100.0,100.0,100.0,100.0,100.0,100.0,100.0,100.0,100.0
BD60360071,Madhabpur,Habiganj,372192,100.0,100.0,100.0,100.0,100.0,100.0,100.0,100.0,99.8,99.0
BD45720047,Kendua,Netrakona,302577,100.0,100.0,100.0,100.0,100.0,100.0,100.0,100.0,100.0,100.0
BD30680064,Raipura,Narsingdi,10760,100.0,100.0,100.0,100.0,100.0,100.0,100.0,100.0,100.0,100.0
BD45610023,Gouripur,Mymensingh,115718,100.0,100.0,100.0,100.0,100.0,100.0,100.0,100.0,95.9,95.9
BD45610016,Dhobaura,Mymensingh,8016,100.0,100.0,100.0,100.0,100.0,100.0,100.0,100.0,99.7,99.7
BD60360005,Bahubal,Habiganj,233341,100.0,100.0,100.0,100.0,100.0,100.0,100.0,100.0,84.6,76.0
BD30480049,Kishoreganj Sadar,Kishoreganj,469034,100.0,100.0,100.0,100.0,100.0,100.0,100.0,100.0,99.9,99.9
